0.603244	0.460621	Gustavo A. Madero
0.623385	0.569956	San Fernando
0.608631	0.646459	Gustavo Díaz Ordaz
0.592009	0.290783	Zumpango
0.577937	0.172304	Zumpango del Río
0.668376	0.128981	Zimatlán de Álvarez
0.582696	0.342819	Zimapan
0.642953	0.289361	Zaragoza
0.606628	0.337948	Zacualtipán
0.629557	0.298356	Zacatlán
0.643688	0.261466	Zacatepec
0.589005	0.227615	Zacatepec
0.66953	0.13349	Villa de Zaachila
0.925155	0.348081	Estado de Yucatán
0.599743	0.240298	Yecapixtla
0.593075	0.240218	Yautepec
0.815206	0.145749	Yajalón
0.587173	0.229337	Xoxocotla
0.577871	0.269139	Xonacatlán
0.587685	0.234653	Xochitepec
0.591822	0.260999	Xochimilco
0.629559	0.317278	Xicotepec de Juárez
0.660993	0.27006	Xico
0.597405	0.261682	San Miguel Xico Viejo
0.615759	0.258472	Santa Ana Xalmimilulco
0.588584	0.266571	Álvaro Obregón
0.795509	0.190749	Villahermosa
0.591669	0.273839	Gustavo A. Madero
0.57686	0.269782	Villa Cuauhtémoc Otzolotepec
0.672258	0.265171	Estado de Veracruz-Llave
0.689536	0.256748	Veracruz
0.807626	0.0996892	Venustiano Carranza
0.634484	0.615519	Valle Hermoso
0.951566	0.340054	Valladolid
0.73286	0.107032	Unión Hidalgo
0.900531	0.350778	Uman
0.789479	0.122919	Tuxtla Gutiérrez
0.647805	0.354957	Tuxpan de Rodríguez Cano
0.589749	0.282539	Tultitlán
0.591066	0.284609	Tultepec
0.616292	0.306642	Tulancingo
0.583943	0.304872	Tula de Allende
0.669053	0.131853	Trinidad Zaachila
0.573742	0.262657	Toluca
0.624319	0.280707	Tlaxco
0.588019	0.307084	Tlaxcoapan
0.61893	0.248329	Tlazcalancingo
0.622779	0.269777	Estado de Tlaxcala
0.589943	0.226678	Tlaquiltenango
0.60916	0.166071	Tlapa de Comonfort
0.654289	0.299957	Tlapacoyan
0.652157	0.260611	Tlanalapan
0.591337	0.229387	Tlaltizapán
0.589752	0.263167	Tlalpan
0.588845	0.276597	Tlalnepantla
0.601842	0.258247	Tlalmanalco de Velázquez
0.595185	0.262415	Tlahuac
0.678551	0.133697	Tlacolula de Matamoros
0.953155	0.365188	Tizimín
0.596079	0.293022	Tizayuca
0.582162	0.167558	Tixtla de Guerrero
0.912131	0.357415	Tixkokob
0.64367	0.341512	Tihuatlan
0.577904	0.145304	Tierra Colorada
0.907494	0.324037	Ticul
0.579904	0.256709	Santiago Tíanguistenco
0.586242	0.312562	Tezontepec de Aldama
0.64939	0.291921	Teziutlan
0.599152	0.275043	Texcoco de Mora
0.604205	0.240836	Tetela del Volcán
0.590516	0.297014	Tequixquiac
0.565877	0.3309	Tequisquiapan
0.588165	0.282336	Cuautitlán Izcalli
0.59202	0.245974	Tepoztlán
0.587911	0.286533	Tepotzotlán
0.583976	0.296841	Tepeji de Ocampo
0.610046	0.290324	Tepeapulco
0.631551	0.245046	Tepeaca
0.6294	0.250476	Tepatlaxco de Hidalgo
0.592327	0.315599	Tepatepec
0.600468	0.224406	Tepalcingo
0.810495	0.110965	Teopisca
0.5894	0.287969	Teoloyucan
0.845209	0.162339	Tenosique de Pino Suárez
0.575834	0.25252	Tenango de Arista
0.575714	0.244617	Tenancingo de Degollado
0.615468	0.386034	Tempoal de Sánchez
0.587679	0.238747	Temixco
0.562182	0.297396	Temascalcingo de José María Velazco
0.640083	0.360947	Temapache
0.566665	0.211781	Teloloapan
0.915747	0.313362	Tecax
0.648305	0.216981	Tehuacán
0.637139	0.240213	Tecamachalco
0.794789	0.166584	Teapa
0.575336	0.222221	Taxco de Alarcón
0.817558	0.0205108	Tapachula
0.620831	0.376674	Tantoyuca
0.602556	0.412872	Tamuin
0.63264	0.427942	Tampico
0.602238	0.37166	Tamazunchale
0.603536	0.523113	Estado de Tamaulipas
0.804204	0.191473	Estado de Tabasco
0.818802	0	Brisas Barra de Suchiate
0.789886	0.115503	Suchiapa
0.680348	0.249309	Soledad de Doblado
0.728552	0.184886	Sayula de Alemán
0.719285	0.09887	Santo Domingo Tehuantepec
0.71732	0.217217	Santiago Tuxtla
0.624843	0.270667	Sección Primera Santiago Tetla
0.626452	0.099635	Santiago Pinotepa Nacional
0.646832	0.22161	Santiago Miahuatlán
0.61652	0.303993	Santiago Tulantepec
0.624859	0.25169	Santa María Xonacatepec
0.614926	0.260547	Moyotzingo
0.618159	0.253494	Santa María Coronango
0.596927	0.270047	Santa María Chimalhuacán
0.638815	0.151077	Heroica Ciudad de Tlaxiaco
0.669998	0.137835	Santa Cruz Xoxocotlán
0.596314	0.28615	Tecamac de Felipe Villanueva
0.592982	0.287877	Nextlalpan
0.621094	0.263678	Chiautempan
0.653218	0.210037	San Sebastián Zinacatepec
0.640096	0.254112	San Salvador El Seco
0.597973	0.277241	San Salvador Atenco
0.678877	0.0668801	San Pedro Pochutla
0.568185	0.281313	San Pedro Los Baños
0.592147	0.283597	San Pablo de las Salinas
0.57361	0.266445	San Pablo Autopan
0.598286	0.258737	San Pablo Atlazalpan
0.57108	0.26246	San Miguel Zinacantepec
0.618109	0.256041	San Miguel Xoxtla
0.599488	0.271619	Coatlinchán
0.624877	0.255145	San Miguel Canoa
0.611828	0.26473	San Matias Tlalancaleca
0.577736	0.261536	San Mateo Atenco
0.6138	0.262461	San Martin Texmelucan de Labastida
0.600715	0.285759	San Martín de las Pirámides
0.584294	0.305705	San Marcos
0.582451	0.125019	San Marcos
0.621982	0.260196	Teolocholco
0.599839	0.284765	Teotihuacán de Arista
0.562434	0.323455	San Juan del Río
0.570275	0.260429	San Juan de las Huertas
0.690115	0.196354	Tuxtepec
0.649791	0.209491	San Gabriel Chilac
0.656719	0.199859	San Gabriel Casa Blanca
0.569966	0.263038	San Francisco Tlalcilalcalpan
0.600054	0.265715	San Francisco Acuautla
0.619892	0.252228	Sanctorum
0.805043	0.121373	San Cristóbal de las Casas
0.8541	0.166722	San Carlos
0.572075	0.279897	San Bartolo del Llano
0.594945	0.2918	San Bartolo Cuautlalpan
0.720201	0.216274	San Andres Tuxtla
0.61317	0.25249	San Andrés Calpan
0.720592	0.0910997	Salina Cruz
0.562577	0.408715	Río Verde
0.625171	0.632957	Río Bravo
0.657031	0.237867	Río Blanco
0.618464	0.637905	Reynosa
0.634925	0.259424	Rafael Lara Grajales
0.941648	0.283596	Estado de Quintana Roo
0.565052	0.357293	Estado de Querétaro de Arteaga
0.658714	0.0737616	Puerto Escondido
0.584798	0.225451	Puente de Ixtla
0.621615	0.249142	Puebla
0.628276	0.237534	Estado de Puebla
0.589026	0.315799	Progreso de Alvaro Obregon
0.903798	0.373071	Progreso de Castro
0.583518	0.281944	Progreso Industrial
0.646107	0.331489	Poza Rica de Hidalgo
0.588693	0.269777	Polanco
0.988494	0.336698	Playa del Carmen
0.615921	0.372317	Platón Sánchez
0.786302	0.0635808	Pijijiapan
0.789386	0.164389	Pichucalco
0.927701	0.309081	Peto
0.653271	0.277882	Perote
0.670352	0.245194	Paso del Macho
0.786148	0.213647	Paraiso
0.650544	0.326702	Papantla de Olarte
0.622175	0.415536	Pánuco
0.619366	0.264223	Panotla
0.640187	0.241159	Palmarito Tochapán
0.826774	0.164363	Palenque
0.604088	0.308485	Pachuca de Soto
0.602047	0.248786	Ozumba de Alzate
0.911364	0.319007	Oxkutzkab
0.738199	0.191601	Oteapan
0.657937	0.238511	Orizaba
0.614819	0.11907	Ometepec
0.730662	0.187539	Oluta
0.780847	0.123062	Ocozocoautla de Espinosa
0.580186	0.26174	Ocoyoacac
0.823103	0.131026	Ocosingo
0.670379	0.139816	Oaxaca de Juárez
0.677756	0.1362	Estado de Oaxaca
0.562303	0.615235	Estado de Nuevo León
0.578256	0.715259	Nuevo Laredo
0.656116	0.237428	Nogales
0.585169	0.281932	Nicolás Romero
0.614209	0.24948	Nealtican
0.587385	0.273195	Naucalpan de Juárez
0.638616	0.376687	Naranjos
0.746779	0.195407	Villa Nanchital
0.61062	0.273964	Ciudad de Nanacamilpa
0.901607	0.32899	Muna
0.915809	0.362583	Motul
0.818011	0.0459072	Motozintla de Mendoza
0.59529	0.232928	Estado de Morelos
0.567956	0.588838	Montemorelos
0.619471	0.250815	Santiago Momoxpan
0.588232	0.31475	Mixquiahuala de Juarez
0.666147	0.298146	Misantla
0.632911	0.430301	Miramar
0.606038	0.309735	Mineral del Monte
0.741934	0.191432	Minatitlan
0.594526	0.257387	Milpa Alta
0.674602	0.0993194	Miahuatlán de Porfirio Díaz
0.57544	0.261081	Metepec
0.904804	0.355932	Mérida
0.892136	0.33433	Maxcanú
0.725937	0.129513	Matías Romero
0.644632	0.627011	Heroica Matamoros
0.659258	0.305934	Martínez de la Torre
0.796495	0.0496188	Mapastepec
0.617658	0.452794	Ursulo Galván
0.652136	0.236263	Maltrata
0.606145	0.149742	Malinaltepec
0.588324	0.265104	Magdalena Contreras
0.806519	0.178292	Macuspana
0.595924	0.289611	Reyes Acozac
0.596046	0.266842	Los Reyes La Paz
0.57663	0.570597	Linares
0.637696	0.272053	Libres
0.578413	0.26271	Lerma de Villada
0.710094	0.22626	Lerdo de Tejada
0.82682	0.0982079	Las Margaritas
0.757474	0.187788	Las Choapas
0.579896	0.228322	La Joya
0.689301	0.224637	La Isla
0.631298	0.343633	La Ceiba
0.906725	0.35369	Kanasín
0.599253	0.252398	Juchitepec de Mariano Riva Palacio
0.726585	0.105027	Juchitán de Zaragoza
0.589343	0.225451	Jojutla
0.589426	0.240191	Jiutepec
0.577715	0.299363	Jilotepec de Molina Enríquez
0.791131	0.20122	Jalpa de Méndez
0.581487	0.256869	Xalatlaco
0.664037	0.27611	Xalapa de Enríquez
0.651093	0.291149	Jalacingo
0.612938	0.224721	Izúcar de Matamoros
0.924561	0.353721	Izamal
0.723864	0.112905	San Jerónimo Ixtepec
0.572968	0.238107	Ixtapan de la Sal
0.599155	0.264189	Ixtapaluca
0.593076	0.2665	Iztapalapa
0.659255	0.238734	Ixtac Zoquitlán
0.592064	0.268595	Iztacalco
0.588133	0.328463	Ixmiquilpan
1	0.370069	Isla Mujeres
0.577498	0.210779	Iguala de la Independencia
0.896275	0.358245	Hunucmá
0.810828	0.0334027	Huixtla
0.584226	0.208424	Huitzuco de los Figueroa
0.780279	0.18229	Huimanguillo
0.614441	0.365031	Huejutla de Reyes
0.61484	0.25556	Huejotzingo
0.626465	0.311624	Huauchinango
0.662332	0.254969	Huatusco de Chicuellar
0.635548	0.180854	Ciudad de Huajuapam de León
0.59529	0.329656	Estado de Hidalgo
0.887763	0.311822	Hecelchakán
0.65843	0.327085	Gutiérrez Zamora
0.562303	0.173049	Estado de Guerrero
0.821484	0.0621592	Frontera Comalapa
0.804909	0.221501	Frontera
0.661263	0.241665	Fortín de las Flores
0.956648	0.278667	Felipe Carrillo Puerto
0.589792	0.260565	Distrito Federal
0.565702	0.338754	Ezequiel Montes
0.867579	0.22513	Escárcega
0.589284	0.237724	Emiliano Zapata
0.833903	0.177134	Emiliano Zapata
0.68894	0.250855	El Tejar
0.596151	0.453637	Ciudad Mante
0.584742	0.305633	El Llano
0.593112	0.280864	Ecatepec
0.890318	0.319628	Dzitbalché
0.787502	0.195097	Cunduacán
0.67037	0.236455	Cuitláhuac
0.668493	0.13496	Cuilapan de Guerrero
0.751621	0.190123	Cuichapa
0.587678	0.242662	Cuernavaca
0.619325	0.251672	Cuautlancingo
0.597086	0.235946	Cuautla Morelos
0.589397	0.283796	Cuautitlán
0.618046	0.303986	Cuautepec de Hinojosa
0.585596	0.266641	Cuajimalpa
0.99291	0.329712	San Miguel de Cozumel
0.588265	0.289706	Coyotepec
0.589955	0.26591	Coyoacán
0.739262	0.191359	Cosoleacaque
0.659718	0.250768	Heroica Coscomatepec de Bravo
0.700894	0.211791	Cosamaloapan de Carpio
0.663531	0.240436	Córdoba
0.622787	0.264949	San Bernardino Contla
0.821767	0.0944526	Comitán
0.785821	0.206019	Comalcalco
0.645818	0.328937	Coatzintla
0.745629	0.19885	Coatzacoalcos
0.662534	0.271746	Coatepec
0.591975	0.281819	Coacalco
0.590474	0.508838	Ciudad Victoria
0.59474	0.411645	Ciudad Valles
0.646517	0.246161	Ciudad Serdán
0.609319	0.289615	Ciudad Sahagun
0.594801	0.268889	Ciudad Nezahualcoyotl
0.591991	0.653005	Ciudad Miguel Alemán
0.655399	0.236032	Ciudad Mendoza
0.633679	0.427616	Ciudad Madero
0.561917	0.40927	Ciudad Fernández
0.591079	0.270429	Mexico City
0.831806	0.227175	Ciudad del Carmen
0.76952	0.11873	Cintalapa de Figueroa
0.618264	0.250287	Cholula
0.578606	0.166633	Chilpancingo de los Bravos
0.589471	0.169065	Chilapa de Alvarez
0.62723	0.293102	Chignahuapan
0.598627	0.277666	Chiconcuac
0.598522	0.269788	San Vicente Chicoloapan
0.572983	0.172626	Chichihualco
0.939449	0.338869	Chichén-Itzá
0.608373	0.208138	Chiautla de Tapia
0.59917	0.277089	Chiautla
0.809702	0.108563	Estado de Chiapas
0.792819	0.120044	Chiapa de Corzo
0.94812	0.219891	Chetumal
0.96024	0.338286	Chemax
0.868228	0.265783	Champotón
0.598663	0.261214	Chalco de Díaz Covarrubias
0.636824	0.367905	Cerro Azul
0.723476	0.21476	Catemaco
0.70235	0.212188	Carlos A. Carrillo
0.574097	0.412646	Cardenas
0.78082	0.191548	Cárdenas
0.579923	0.257444	Capulhuac
0.99619	0.366927	Cancún
0.875675	0.246746	Estado de Campeche
0.874762	0.293067	Campeche
0.600451	0.64773	Camargo
0.609483	0.279284	Calpulalpan
0.89048	0.322418	Calkiní
0.574901	0.255769	Calimaya de Díaz González
0.568394	0.340589	Cadereyta de Montes
0.562853	0.610629	Cadereyta
0.571994	0.260737	Cacalomacan
0.820706	0.0252549	Cacahoatán
0.796766	0.135993	Bochil
0.690951	0.252274	Boca del Río
0.784249	0.125064	Berriozábal
0.621483	0.351011	Benito Juárez
0.663332	0.279299	Banderilla
0.841454	0.180807	Balancán de Domínguez
0.945167	0.229119	Bacalar
0.589156	0.273663	Azcapotzalco
0.603464	0.21928	Axochiapan
0.61389	0.24167	Atlixco
0.602593	0.247956	Atlautla
0.566468	0.290986	Atlacomulco
0.586702	0.279107	Ciudad López Mateos
0.608184	0.219644	Atencingo
0.653806	0.161579	Asunción Nochixtlán
0.62354	0.269593	Apizaco
0.589645	0.300645	Apaxco de Ocampo
0.596619	0.235308	San Pedro Apatlaco
0.613404	0.286061	Apan
0.712531	0.224417	Angel R. Cabadas
0.595672	0.233973	Anenecuilco
0.633057	0.423773	Anahuac
0.626792	0.249295	Amozoc de Mota
0.602993	0.253592	Amecameca de Juárez
0.702107	0.234113	Heroica Alvarado
0.653177	0.289093	Altotonga
0.651422	0.211861	Altepexi
0.630299	0.434242	Altamira
0.747262	0.200048	Allende
0.625796	0.463504	Aldama
0.639002	0.352353	Álamo
0.652763	0.212384	Ajalpan
0.755431	0.199161	Agua Dulce
0.597145	0.316922	Actopan
0.730073	0.188646	Acayucan
0.635377	0.245661	Acatzingo de Hidalgo
0.626672	0.202666	Acatlán de Osorio
0.565929	0.128647	Acapulco de Juárez
0.799556	0.111611	Acala
0.629891	0.252502	Acajete
0.569834	0.261891	San Antonio Acahualco
0.601447	0.259179	Miraflores
0.573161	0.259298	Santiago Tlacotepec
0.67114	0.137766	San Antonio de la Cal
0.574886	0.62575	Hidalgo
0.796494	0.179469	Río de Teapa
0.639706	0.264669	El Carmen Tequesquitla
0.630809	0.264153	Huamantla
0.62058	0.256342	Santo Toribio Xicohtzingo
0.621808	0.262382	La Magdalena Tlaltelulco
0.620369	0.258676	Zacatelco
0.621685	0.264381	Tlaxcala de Xicohtencatl
0.621551	0.256066	Papalotla
0.621609	0.254853	Tenancingo
0.622935	0.253664	Vicente Guerrero
0.768275	0.0858294	Tonalá
0.76346	0.0940541	Arriaga
0.598231	0.279514	Tezoyuca
0.61838	0.24951	San Andrés Cholula
0.608356	0.208055	Ciudad de Chiautla de Tapia
0.996173	0.362144	Alfredo V. Bonfil
0.687725	0.255145	Las Amapolas
0.63261	0.426676	Tampico
0.646685	0.354729	Alto Lucero
0.713996	0.191135	Juan Rodríguez Clara
0.575384	0.265138	San Mateo Otzacatipan
0.575736	0.263689	Santa María Totoltepec
0.578488	0.261402	San Pedro Tultepec
0.576579	0.255759	San Antonio la Isla
0.580065	0.264602	San Mateo Atarasquíllo
0.584551	0.264925	San Lorenzo Acopilco
0.590089	0.268767	Benito Juarez
0.592082	0.271225	Venustiano Carranza
0.588663	0.270774	Miguel Hidalgo
0.59047	0.271346	Cuauhtémoc
0.583739	0.266637	Huixquilucan
0.584806	0.301714	San Miguel Vindho
0.589199	0.292439	San Pedro Xalpa
0.590546	0.285574	Melchor Ocampo
0.586832	0.284363	Huilango
0.591219	0.283111	Santiago Teyahualco
0.59496	0.284348	Ojo de Agua
0.589701	0.280371	Buenavista
0.1837	0.790651	Miguel Alemán (La Doce)
0.319284	0.541046	Eldorado
0.277399	0.614957	Leyva Solano
0.411716	0.259824	Cihuatlán
0.0640305	0.981286	Guadalupe Victoria
0.535031	0.294337	Zinapécuaro
0.511104	0.171765	Ixtapa-Zihuatanejo
0.53188	0.771467	Zaragoza
0.461112	0.336426	Zapotlanejo
0.449571	0.28143	Zapotiltic
0.450651	0.342013	Zapopan
0.486966	0.301218	Zamora
0.444584	0.314631	Zacoalco de Torres
0.463344	0.46784	Estado de Zacatecas
0.477152	0.45504	Zacatecas
0.503244	0.291733	Zacapú
0.524959	0.313672	Yuriria
0.486981	0.320668	Yurécuaro
0.467101	0.36723	Yahualica de González Gallo
0.357244	0.478266	Villa Unión
0.467183	0.432273	Villanueva
0.237742	0.696036	Villa Juarez
0.389752	0.398297	Villa Hidalgo
0.476917	0.394834	Villa Hidalgo
0.529401	0.330459	Villagrán
0.514403	0.684961	Ciudad Frontera
0.50826	0.26921	Villa Escalante
0.542706	0.623239	García
0.439007	0.261517	Ciudad de Villa de Álvarez
0.47475	0.308423	Venustiano Carranza
0.525107	0.331449	Valtierrilla
0.44453	0.45516	Valparaíso
0.523077	0.323754	Valle de Santiago
0.557885	0.257462	Valle de Bravo
0.494468	0.269473	Uruapan
0.523296	0.309805	Uriangato
0.450945	0.277454	Tuxpan
0.484245	0.453187	Trancoso
0.470198	0.331987	Tototlán
0.449523	0.608449	Torreon
0.455617	0.336535	Tonalá
0.45367	0.337445	Tlaquepaque
0.448614	0.328231	Tlajomulco de Zúñiga
0.461893	0.310939	Tizapán el Alto
0.00140984	0.993085	Tijuana
0.447842	0.346267	Tesistán
0.435777	0.350769	Tequila
0.400811	0.385455	Tepic
0.471146	0.347174	Tepatitlán de Morelos
0.468315	0.257064	Tepalcatepec
0.47738	0.381293	Teocaltiche
0.557265	0.241482	Tejupilco de Hidalgo
0.38226	0.434573	Tecuala
0.541152	0.148514	Tecpan de Galeana
0.434386	0.242147	Tecoman
0.0138992	0.996648	Tecate
0.45321	0.272826	Tecalitlan
0.537362	0.317885	Tarimoro
0.489523	0.295792	Tangancícuaro de Arista
0.455051	0.284336	Tamazula de Gordiano
0.440223	0.338146	Tala
0.514201	0.259737	Tacámbaro de Codallos
0.210447	0.817903	Estado de Sonora
0.442152	0.502919	Sombrerete
0.531233	0.422945	Soledad Díez Gutiérrez
0.314904	0.578386	Estado de Sinaloa
0.515231	0.354173	Silao
0.443543	0.295511	Sayula
0.387681	0.745894	Saucillo
0.383544	0.580812	Santiago Papasquiaro
0.390495	0.402227	Santiago Ixcuintla
0.557288	0.601895	Santiago
0.157637	0.70775	Santa Rosalia
0.547511	0.342989	Santa Rosa Jauregui
0.537954	0.401299	Santa María del Río
0.119618	0.760841	Santa Isabel
0.44905	0.331499	Santa Cruz del Valle
0.446759	0.328582	Santa Cruz de las Flores
0.547191	0.615599	Santa Catarina
0.370354	0.678169	Santa Bárbara
0.448699	0.33247	Santa Anita
0.44883	0.332451	Santa Anita
0.495808	0.321212	Santa Ana Pacueco
0.195465	0.884746	Santa Ana
0.449599	0.330578	San Sebastián el Grande
0.456197	0.602338	San Pedro
0.552334	0.619381	San Nicolás de los Garza
0.537636	0.333762	San Miguel Octopan
0.482999	0.358957	San Miguel el Alto
0.386274	0.569033	San Miguel de Papasquiaro
0.537765	0.35261	San Miguel de Allende
0.0750308	0.99051	San Luis Río Colorado
0.54581	0.440203	Estado de San Luis Potosí
0.530004	0.420847	San Luis Potosí
0.545269	0.373798	San Luis de la Paz
0.545257	0.373757	San Luis de la Paz
0.235328	0.461808	Cabo San Lucas
0.490401	0.357897	San Julián
0.485384	0.371051	San Juan de los Lagos
0.537187	0.336577	San Juan de la Vega
0.391052	0.347059	San Juan de Abajo
0.549631	0.357378	San José Iturbide
0.455494	0.330433	San José del Castillo
0.242409	0.471094	San José del Cabo
0.430357	0.289123	San Gabriel
0.501108	0.358312	San Francisco del Rincón
0.0728099	0.91139	San Felipe
0.522194	0.383701	San Felipe
0.453349	0.400528	Tlaltenango de Sánchez Román
0.51121	0.692356	San Buenaventura
0.447965	0.33222	Nicolás R Casillas
0.533301	0.313765	Salvatierra
0.529142	0.601778	Saltillo
0.505759	0.447275	Salinas de Hidalgo
0.522999	0.333634	Salamanca
0.47272	0.305258	Sahuayo de Morelos
0.556304	0.661494	Sabinas Hidalgo
0.525445	0.736242	Ciudad Sabinas
0.392627	0.409862	Estación Ruiz
0	0.985222	Rosarito
0.512268	0.350178	Romita
0.462343	0.513521	Río Grande
0.537394	0.325457	Rincón de Tamayo
0.485703	0.425179	Rincón de Romos
0.531051	0.608194	Ramos Arizpe
0.512069	0.283535	Quiroga
0.549503	0.334524	Santiago de Querétaro
0.512303	0.306931	Puruándiro
0.496124	0.297067	Puréparo de Echaíz
0.389778	0.336123	Puerto Vallarta
0.115732	0.927556	Puerto Peñasco
0.231302	0.708566	Pueblo Yaqui
0.465799	0.323003	Poncitlán
0.443319	0.620972	Poanas
0.545034	0.782901	Piedras Negras
0.520477	0.165919	Petatlán
0.482647	0.275498	Peribán de Ramos
0.505524	0.32591	Pénjamo
0.509232	0.275264	Pátzcuaro
0.490419	0.602793	Parras de la Fuente
0.494715	0.282533	Paracho de Verduzco
0.515357	0.738254	Palau
0.488084	0.443888	Ojo Caliente
0.412384	0.830813	Ojinaga
0.470813	0.321658	Ocotlán
0.492013	0.269882	Nuevo San Juan Parangaricutiro
0.448732	0.343834	Nuevo México
0.301325	0.87772	Nuevo Casas Grandes
0.522122	0.740905	Nueva Rosita
0.493257	0.248124	Nueva Italia de Ruiz
0.468404	0.377493	Nochistlán
0.397371	0.412566	Estado de Nayarit
0.308233	0.565458	Navolato
0.250781	0.69281	Navojoa
0.537047	0.76746	Nava
0.243983	0.876862	Nacozari Viejo
0.522981	0.308968	Moroleón
0.523233	0.285481	Morelia
0.551798	0.615699	Monterrey
0.515444	0.683785	Monclova
0.44847	0.539375	Miguel Auza
0.501828	0.255959	Estado de Michoacán de Ocampo
0.49633	0.46784	Mexico
0.0525142	1	Mexicali
0.381427	0.759866	Pedro Meoqui
0.512291	0.737536	Melchor Múzquiz
0.508783	0.365569	Medina
0.350985	0.480713	Mazatlán
0.541082	0.50367	Matehuala
0.455806	0.607515	Matamoros
0.519833	0.357229	Marfil
0.547714	0.296032	Maravatío
0.419071	0.253211	Manzanillo
0.0156557	0.949877	Rodolfo Sánchez Taboada
0.200704	0.889458	Magdalena de Kino
0.293567	0.810183	San Pedro Madera
0.265674	0.622348	Los Mochis
0.187943	0.634332	Loreto
0.496694	0.427627	Loreto
0.494644	0.255483	Lombardía
0.507183	0.364507	León
0.392886	0.367254	Las Varas
0.452674	0.333733	Las Pintas de Arriba
0.495405	0.321234	La Piedad Cavadas
0.222221	0.530747	La Paz
0.488844	0.191243	La Orilla
0.486984	0.229243	La Mira Tumbiscatio
0.498508	0.376965	Lagos de Moreno
0.334944	0.518761	La Cruz
0.551327	0.335629	La Cañada
0.478331	0.318064	La Barca
0.529552	0.337581	Santa Cruz de Juventino Rosas
0.559143	0.614161	Juárez
0.450389	0.539246	Juan Aldama
0.449193	0.317788	Jocotepec
0.47259	0.301733	Jiquílpan de Juárez
0.384176	0.76263	Jiménez
0.485005	0.410417	Jesús María
0.463662	0.448418	Jerez de García Salinas
0.527219	0.322618	Jaral del Progreso
0.472991	0.318242	Jamay
0.464002	0.392354	Jalpa
0.481029	0.366546	Jalostotitlán
0.441353	0.320444	Estado de Jalisco
0.418114	0.359453	Ixtlán del Río
0.390613	0.341618	Ixtapa
0.517564	0.339426	Irapuato
0.532714	0.226254	Huetamo de Núñez
0.244241	0.679321	Huatabampo
0.375395	0.685042	Hidalgo del Parral
0.550516	0.270852	Heróica Zitácuaro
0.201359	0.927084	Nogales
0.161238	0.894573	Heroica Caborca
0.2002	0.80515	Hermosillo
0.202831	0.739744	Heroica Guaymas
0.282988	0.609751	Guasave
0.529317	0.357293	Estado de Guanajuato
0.52077	0.35832	Guanajuato
0.295706	0.604035	Guamúchil
0.426347	0.547655	Guadalupe Victoria
0.553844	0.615794	Guadalupe
0.479236	0.45419	Guadalupe
0.450419	0.338877	Guadalajara
0.446986	0.609884	Gomez Palacio
0.430856	0.508426	Vicente Guerrero
0.271207	0.620225	Juan Jose Rios
0.551925	0.622337	General Escobedo
0.549848	0.614526	Garza García
0.467587	0.477858	Fresnillo
0.427806	0.344491	Etzatlán
0.371793	0.458583	Escuinapa de Hidalgo
0.0147361	0.957899	Ensenada
0.488422	0.386437	Encarnación de Díaz
0.537671	0.339191	Empalme Escobedo
0.205583	0.742087	Empalme
0.384733	0.488803	Pueblo Nuevo
0.413864	0.320444	El Salto
0.325368	0.537238	El Rosario
0.453953	0.332081	El Quince
0.547743	0.331852	El Pueblito
0.423164	0.291298	El Grullo
0.278016	0.656701	El Fuerte de Montes Claros
0.319424	0.540957	El Dorado
0.421829	0.250119	El Colomo
0.440483	0.344863	Arenal
0.402869	0.569174	Estado de Durango
0.408667	0.524236	Victoria de Durango
0.49139	0.327833	Degollado
0.318605	0.566796	Culiacán
0.50715	0.336564	Gueramaro
0.33591	0.766804	Cuauhtémoc
0.559429	0.136695	Coyuca de Benítez
0.473174	0.291475	Cotija de la Paz
0.318587	0.555816	Villa de Costa Rica
0.530614	0.328555	Cortazar
0.43664	0.258147	Coquimatlán
0.400666	0.370435	Compostela
0.537251	0.34197	Comonfort
0.454534	0.418812	Colotlán
0.0348252	0.895155	Vicente Guerrero
0.430357	0.255959	Estado de Colima
0.439358	0.260563	Colima
0.436224	0.322204	Cocula
0.458066	0.234448	Coalcomán de Vázquez Pallares
0.49633	0.707357	Estado de Coahuila de Zaragoza
0.23439	0.715819	Ciudad Obregón
0.497899	0.342304	Ciudad Manuel Doblado
0.44604	0.608078	Ciudad Lerdo
0.348441	0.950559	Ciudad Juárez
0.543917	0.285012	Ciudad Hidalgo
0.448114	0.285695	Ciudad Guzmán
0.381863	0.754715	Ciudad Delicias
0.177596	0.58016	Ciudad Constitución
0.391718	0.726431	Ciudad Camargo
0.55794	0.702451	Ciudad Anáhuac
0.540214	0.211272	Ciudad Altamirano
0.530895	0.817345	Ciudad Acuña
0.556781	0.631165	Ciénega de Flores
0.364384	0.771842	Estado de Chihuahua
0.361452	0.77932	Chihuahua
0.497858	0.284629	Cherán
0.525552	0.474914	Charcas
0.457036	0.318389	Chapala
0.552911	0.436243	Cerritos
0.535396	0.330957	Celaya
0.515063	0.677288	Castaños
0.41603	0.280198	Casimiro Castillo
0.476807	0.347752	Capilla de Guadalupe
0.40485	0.552173	Canatlán
0.222851	0.909307	Cananea
0.313565	0.559521	Villa Juárez
0.47263	0.404045	Calvillo
0.473166	0.465015	Víctor Rosales
0.490393	0.250891	Buenos Aires
0.171963	0.624447	Estado de Baja California Sur
0.418263	0.289209	Autlán de Navarro
0.548018	0.147623	Atoyac de Álvarez
0.479526	0.332464	Atotonilco el Alto
0.298961	0.915553	Ascención
0.431539	0.243308	Armeria
0.505981	0.258299	Ario de Rosales
0.553018	0.209076	Arcelia
0.484905	0.340998	Arandas
0.556931	0.62038	Apodaca
0.484553	0.251646	Apatzingán
0.53972	0.332141	Apaseo el Grande
0.541772	0.327306	Apaseo el Alto
0.339737	0.770956	Anáhuac
0.42887	0.332215	Ameca
0.534228	0.763067	Allende
0.561828	0.593682	Allende
0.45494	0.318781	Ajijic
0.431195	0.340787	Ahualulco de Mercado
0.259711	0.629229	Ahome
0.479837	0.412566	Estado de Aguascalientes
0.487009	0.406063	Aguascalientes
0.247323	0.928305	Agua Prieta
0.273671	0.619841	Adolfo Ruíz Cortínes
0.466294	0.34513	Acatic
0.385374	0.439869	Acaponeta
0.538471	0.303691	Acámbaro
0.51181	0.326891	Abasolo
0.486718	0.41252	Jesús Gómez Portugal (Margaritas)
0.557942	0.702229	Anáhuac
0.531543	0.365922	Dolores Hidalgo Cuna de la Independencia Nacional
0.489329	0.192541	Guacamayas
0.489032	0.189851	Ciudad Lázaro Cárdenas
0.450633	0.330888	San Pio de Pietrelcina, Hacienda Santa Fe, Tlajomulco, Jalisco
0.235764	0.460792	Los Cabos
0.17396	0.664229	Loreto
0.222542	0.530482	La Paz
0.155469	0.666823	Mulegé
0.172513	0.637344	Comondú
0.0141773	0.957929	Ensenada
0.0626329	0.993219	Mexicali
0.0136637	0.995715	Tecate
0.00245189	0.993059	Tijuana
0.000481274	0.984281	Playas de Rosarito
0.486434	0.406118	Aguascalientes
0.493581	0.425463	Asientos
0.47269	0.404275	Calvillo
0.486434	0.432833	Cosío
0.484785	0.410724	Jesús María
0.487534	0.420857	Pabellón de Arteaga
0.485885	0.425463	Rincón de Romos
0.490833	0.424542	Tepezalá
0.49743	0.40796	El Llano
0.487534	0.417172	San Francisco de los Romo
0.892576	0.323346	Calkiní
0.831803	0.226295	Carmen
0.868751	0.266115	Champotón
0.887771	0.311232	Hecelchakán
0.868131	0.225413	Escárcega
0.900415	0.191473	Calakmul
0.867429	0.191473	Candelaria
0.584798	0.225451	Puente de Ixtla
0.804754	0.0449991	Acacoyagua
0.799224	0.111545	Acala
0.799256	0.156467	Amatán
0.784413	0.125145	Berriozábal
0.825646	0.176733	Catazajá
0.81685	0.142649	Chilón
0.769761	0.118943	Cintalapa
0.805304	0.0440777	Escuintla
0.589945	0.268088	Colonia del Valle
0.591175	0.273917	Colonia Lindavista
0.58652	0.267691	Col. Bosques de las Lomas
0.590776	0.267816	Colonia Nativitas
0.593471	0.280119	Ecatepec de Morelos
0.588041	0.267472	Álvaro Obregón
0.348276	0.88138	Ahumada
0.307268	0.925455	Ascensión
0.325029	0.855922	Buenaventura
0.404624	0.734757	Camargo
0.357828	0.7899	Chihuahua
0.321698	0.698331	Guachochi
0.31478	0.767911	Guerrero
0.373918	0.795962	Aldama
0.439009	0.558556	Cuencamé
0.360789	0.633444	Guanaceví
0.428555	0.644214	Mapimí
0.412099	0.461428	Mezquital
0.386148	0.490725	Pueblo Nuevo
0.339074	0.581474	Tamazula
0.357495	0.604828	Tepehuanes
0.562448	0.195689	Apaxtla
0.556014	0.206191	Arcelia
0.598488	0.164629	Atlixtac
0.609201	0.116813	Azoyú
0.57205	0.199375	Cocula
0.597238	0.114463	Copala
0.593497	0.189817	Copalillo
0.605184	0.159918	Copanatoyac
0.595794	0.119905	Cuautepec
0.609946	0.179813	Huamuxtitlán
0.612321	0.122673	Igualapa
0.604997	0.146052	Malinaltepec
0.61452	0.145555	Metlatónoc
0.583175	0.157396	Mochitlán
0.603486	0.183979	Olinalá
0.615654	0.118537	Ometepec
0.574622	0.230788	Pilcaya
0.541228	0.210785	Pungarabato
0.564408	0.211262	Teloloapan
0.572931	0.227516	Tetipac
0.619734	0.13212	Tlacoachistlahuaca
0.547329	0.215194	Tlalchapa
0.547405	0.206516	Tlapehuala
0.6098	0.157693	Xalpatláhuac
0.622112	0.126074	Xochistlahuaca
0.523034	0.21159	Zirándaro
0.588835	0.17598	Zitlala
0.596081	0.145863	Acatepec
0.605938	0.138148	Iliatenco
0.622019	0.311236	Acaxochitlán
0.598085	0.317746	Actopan
0.593264	0.309938	Ajacuba
0.582627	0.324783	Alfajayucan
0.617081	0.287834	Almoloya
0.588106	0.305165	Atitalaquia
0.616126	0.358679	Atlapexco
0.609464	0.351888	Calnali
0.579924	0.316685	Chapantongo
0.59757	0.36526	Chapulhuacán
0.587561	0.320904	Chilcuautla
0.60723	0.303487	Epazoyucan
0.625972	0.330432	Huehuetla
0.610975	0.365619	Jaltocán
0.601987	0.333389	Metztitlán
0.595454	0.369873	Pisaflores
0.611149	0.301447	Singuilucan
0.583889	0.332253	Tasquillo
0.57396	0.331481	Tecozautla
0.611733	0.291225	Tepeapulco
0.587809	0.309253	Tlahuelilpan
0.606836	0.358954	Tlanchinol
0.597959	0.298765	Tolcayuca
0.618972	0.349441	Xochiatipan
0.615785	0.352586	Yahualica
0.606218	0.29862	Zempoala
0.46614	0.34426	Acatic
0.439449	0.349438	Amatitán
0.484759	0.329321	Ayotlán
0.414557	0.279674	Casimiro Castillo
0.409006	0.259917	Cihuatlán
0.453899	0.417348	Colotlán
0.462112	0.355304	Cuquío
0.491384	0.327113	Degollado
0.426797	0.344415	Etzatlán
0.423706	0.29063	El Grullo
0.402196	0.274532	La Huerta
0.474131	0.317286	Jamay
0.449623	0.318084	Jocotepec
0.458416	0.329587	Juanacatlán
0.403795	0.332388	Mascota
0.461655	0.295748	Mazamitla
0.428863	0.423958	Mezquitic
0.471958	0.323609	Ocotlán
0.450881	0.257207	Pihuamo
0.465812	0.321818	Poncitlán
0.390957	0.340224	Puerto Vallarta
0.407015	0.29019	Villa Purificación
0.455828	0.331247	El Salto
0.490993	0.35675	San Julián
0.440494	0.335086	Tala
0.439014	0.299279	Tapalpa
0.429707	0.314087	Tecolotlán
0.390843	0.301032	Tomatlán
0.471947	0.331837	Tototlán
0.449244	0.273728	Tuxpan
0.43854	0.286114	San Gabriel
0.440619	0.324065	Villa Corona
0.451836	0.280833	Zapotiltic
0.573952	0.287948	Morelos
0.580935	0.261831	Ocoyoacac
0.577343	0.270805	Otzolotepec
0.568173	0.314173	Polotitlán
0.562919	0.23293	Sultepec
0.554625	0.239098	Tejupilco
0.561248	0.297352	Temascalcingo
0.562838	0.250373	Temascaltepec
0.575553	0.272782	Temoaya
0.576302	0.244567	Tenancingo
0.571357	0.295396	Timilpan
0.548301	0.243736	Luvianos
0.583002	0.224668	Amacuzac
0.598755	0.243184	Atlatlahucan
0.587372	0.244277	Cuernavaca
0.602539	0.230234	Jantetelco
0.58799	0.224084	Jojutla
0.599597	0.224721	Tepalcingo
0.591247	0.221896	Tlaquiltenango
0.596082	0.244021	Tlayacapan
0.587615	0.234059	Xochitepec
0.593858	0.240371	Yautepec
0.599507	0.23896	Yecapixtla
0.602595	0.233518	Temoac
0.558249	0.705263	Anáhuac
0.567439	0.587615	Montemorelos
0.640644	0.307763	Huehuetla
0.00339234	0.9879	Las Delicias
0.54902	0.614709	San Pedro Garza Garcia
0.531269	0.422685	Soledad de Graciano Sánchez
0.419939	0.249633	Manzanillo
0.586163	0.268687	Naucalpan de Juárez
0.45079	0.330655	Hacienda Santa Fe
0.590718	0.281707	Fuentes del Valle
0.5758	0.261133	San Salvador Tizatlalli
0.556109	0.613177	Jardines de la Silla (Jardines)
0.599807	0.263467	San Buenaventura
0.587593	0.293452	Colonia Santa Teresa
0.600513	0.262945	San Jerónimo Cuatro Vientos
0.596188	0.284701	San Martín Azcatepec
0.557035	0.628362	Fraccionamiento Real Palmas
0.000405075	0.989757	Pórticos de San Antonio
0.596921	0.265524	San Isidro
0.504586	0.364755	Centro Familiar la Soledad
0.575764	0.2658	San José Guadalupe Otzacatipan
0.453375	0.333218	Las Pintitas
0.596124	0.265739	Emiliano Zapata
0.595684	0.258784	San Antonio Tecómitl
0.31342	0.559409	Licenciado Benito Juárez (Campo Gobierno)
0.599881	0.28487	Teotihuacán de Arista
0.585577	0.267474	Jesús del Monte
0.574582	0.260795	San Jorge Pueblo Nuevo
0.416622	0.830678	Manuel Ojinaga
0.00724978	0.992245	Terrazas del Valle
0.505136	0.365691	La Ermita
0.449572	0.329242	Lomas del Sur
0.547533	0.621975	Parque Industrial Ciudad Mitras
0.548257	0.621269	Mitras Poniente
0.00246673	0.988729	Villa del Prado 2da Sección
0.588418	0.239484	Tres de Mayo
0.597443	0.29508	Don Antonio
0.638859	0.151093	Heroica Ciudad de Tlaxiaco
0.584368	0.208117	Ciudad de Huitzuco
0.624355	0.24908	Casa Blanca
0.604618	0.305567	La Providencia Siglo XXI
0.590434	0.280816	Ampliación San Mateo (Colonia Solidaridad)
0.741997	0.199795	Fraccionamiento Ciudad Olmeca
0.612837	0.262868	San Rafael Tlanalapan
0.596335	0.28616	Tecámac de Felipe Villanueva
0.549173	0.332466	Venceremos
0.593017	0.283334	Alborada Jaltenco
0.689796	0.0681525	Crucecita
0.590256	0.240118	Progreso
0.50826	0.269148	Santa Clara del Cobre
0.657589	0.240267	Palmira
0.639629	0.264679	Villa de El Carmen Tequexquitla
0.451148	0.332175	Real del Valle (El Paraíso) [Fraccionamiento]
0.0101638	0.99335	Villa del Campo
0.671113	0.1325	Vicente Guerrero
0.521437	0.282613	Morelos
0.456957	0.332665	Centro de Readaptación Social
0.583854	0.28054	Veintidós de Febrero
0.686782	0.258753	Fraccionamiento Geovillas los Pinos
0.597865	0.236321	Juan Morales
0.616227	0.253563	Santa María Zacatepec
0.448811	0.334171	La Tijera
0.447913	0.331176	Lomas de San Agustín
0.661959	0.241695	Córdoba (Santa Leticia)
0.23434	0.464342	Las Palmas
0.595079	0.257341	San Francisco Tecoxpa
0.416017	0.28011	La Resolana
0.450717	0.331376	Villas de la Hacienda [Fraccionamiento]
0.519302	0.284532	Conjunto Habitacional Villas del Pedregal
0.7955	0.194221	Pomoca
0.80261	0.143938	Simojovel de Allende
0.592055	0.277254	Puerto Escondido (Tepeolulco Puerto Escondido)
0.58664	0.236813	Unidad Habitacional José María Morelos y Pavón
0.850606	0.126097	Nueva Palestina
0.242132	0.476146	Las Veredas
0.597306	0.26732	Profesor Carlos Hank González
0.592559	0.292577	Fraccionamiento la Trinidad
0.671709	0.139424	Santa Cruz Amilpas
0.594713	0.289967	Paseos de San Juan
